Season_Rank,TEAM,GP,W,L,WIN%,MIN,PTS,FGM,FGA,FG%,3PM,3PA,3P%,FTM,FTA,FT%,OREB,DREB,REB,AST,TOV,STL,BLK,BLKA,PF,PFD,+/-,Season
1,Milwaukee Bucks,82,60,22,0.732,3956,9686,3555,7471,47.6,1105,3134,35.3,1471,1904,77.3,762,3316,4078,2136,1137,615,486,395,1608,1653,727,2018-19
2,Toronto Raptors,82,58,24,0.707,3976,9384,3460,7305,47.4,1015,2771,36.6,1449,1803,80.4,786,2920,3706,2085,1150,680,437,368,1724,1683,499,2018-19
3,Golden State Warriors,82,57,25,0.695,3961,9650,3612,7361,49.1,1087,2824,38.5,1339,1672,80.1,797,2990,3787,2413,1169,625,525,295,1757,1601,530,2018-19
4,Denver Nuggets,82,54,28,0.659,3946,9075,3439,7384,46.6,903,2571,35.1,1294,1714,75.5,972,2832,3804,2245,1102,634,363,407,1644,1675,324,2018-19
5,Houston Rockets,82,53,29,0.646,3966,9341,3218,7163,44.9,1323,3721,35.6,1582,2001,79.1,836,2613,3449,1741,1094,700,405,369,1803,1640,391,2018-19
5,Portland Trail Blazers,82,53,29,0.646,3971,9402,3470,7427,46.7,904,2520,35.9,1558,1914,81.4,967,2968,3935,1887,1135,546,413,420,1669,1699,344,2018-19
7,Philadelphia 76ers,82,51,31,0.622,3961,9445,3407,7233,47.1,889,2474,35.9,1742,2258,77.1,892,3025,3917,2207,1223,606,432,336,1745,1816,221,2018-19
8,Utah Jazz,82,50,32,0.61,3951,9161,3314,7082,46.8,993,2789,35.6,1540,2092,73.6,820,2981,3801,2133,1240,663,483,376,1728,1835,431,2018-19
9,Boston Celtics,82,49,33,0.598,3956,9216,3451,7423,46.5,1032,2829,36.5,1282,1598,80.2,804,2849,3653,2155,1052,706,435,317,1670,1602,364,2018-19
9,Oklahoma City Thunder,82,49,33,0.598,3971,9387,3497,7706,45.4,932,2677,34.8,1461,2049,71.3,1031,2911,3942,1917,1145,766,425,415,1839,1844,279,2018-19
11,Indiana Pacers,82,48,34,0.585,3941,8857,3390,7135,47.5,779,2081,37.4,1298,1727,75.2,762,2766,3528,2128,1122,713,404,425,1594,1642,273,2018-19
11,LA Clippers,82,48,34,0.585,3966,9442,3384,7178,47.1,821,2118,38.8,1853,2340,79.2,796,2936,3732,1970,1193,561,385,498,1913,1969,70,2018-19
11,San Antonio Spurs,82,48,34,0.585,3961,9156,3468,7248,47.8,812,2071,39.2,1408,1720,81.9,757,2910,3667,2013,992,501,386,332,1487,1611,138,2018-19
14,Brooklyn Nets,82,42,40,0.512,3996,9204,3301,7358,44.9,1047,2965,35.3,1555,2088,74.5,900,2919,3819,1954,1236,539,339,432,1763,1807,-6,2018-19
14,Orlando Magic,82,42,40,0.512,3956,8800,3316,7307,45.4,937,2633,35.6,1231,1575,78.2,822,2902,3724,2095,1082,543,445,362,1526,1537,58,2018-19
16,Detroit Pistons,82,41,41,0.5,3971,8778,3185,7238,44,993,2854,34.8,1415,1893,74.7,936,2752,3688,1845,1135,569,331,419,1811,1748,-20,2018-19
17,Charlotte Hornets,82,39,43,0.476,3966,9081,3297,7362,44.8,977,2783,35.1,1510,1895,79.7,814,2778,3592,1905,1001,591,405,492,1550,1686,-90,2018-19
17,Miami Heat,82,39,43,0.476,3946,8668,3251,7218,45,928,2658,34.9,1238,1782,69.5,921,2879,3800,1991,1208,627,448,389,1712,1652,-19,2018-19
17,Sacramento Kings,82,39,43,0.476,3946,9363,3541,7637,46.4,927,2455,37.8,1354,1865,72.6,906,2819,3725,2083,1095,679,363,420,1751,1753,-92,2018-19
20,Los Angeles Lakers,82,37,45,0.451,3956,9165,3491,7425,47,847,2541,33.3,1336,1910,69.9,835,2985,3820,2096,1284,618,440,421,1701,1706,-141,2018-19
21,Minnesota Timberwolves,82,36,46,0.439,3966,9223,3413,7483,45.6,827,2357,35.1,1570,1995,78.7,923,2750,3673,2018,1074,683,411,455,1664,1795,-123,2018-19
22,Dallas Mavericks,82,33,49,0.402,3956,8927,3182,7122,44.7,1022,3002,34,1541,2076,74.2,832,2884,3716,1918,1167,533,351,368,1650,1905,-105,2018-19
22,Memphis Grizzlies,82,33,49,0.402,3976,8490,3113,6924,45,811,2368,34.2,1453,1882,77.2,723,2703,3426,1963,1147,684,448,402,1801,1758,-213,2018-19
22,New Orleans Pelicans,82,33,49,0.402,3951,9466,3581,7563,47.3,842,2449,34.4,1462,1921,76.1,909,2969,3878,2216,1215,610,441,445,1732,1722,-109,2018-19
25,Washington Wizards,82,32,50,0.39,3986,9350,3456,7387,46.8,930,2731,34.1,1508,1963,76.8,794,2679,3473,2154,1154,683,379,378,1701,1741,-238,2018-19
26,Atlanta Hawks,82,29,53,0.354,3971,9294,3392,7524,45.1,1067,3034,35.2,1443,1918,75.2,955,2825,3780,2118,1397,675,419,448,1932,1817,-494,2018-19
27,Chicago Bulls,82,22,60,0.268,3981,8605,3266,7205,45.3,745,2123,35.1,1328,1695,78.3,718,2799,3517,1796,1159,603,351,473,1663,1534,-690,2018-19
28,Cleveland Cavaliers,82,19,63,0.232,3951,8567,3189,7184,44.4,847,2388,35.5,1342,1694,79.2,879,2619,3498,1698,1106,534,195,459,1642,1592,-788,2018-19
28,Phoenix Suns,82,19,63,0.232,3976,8815,3289,7164,45.9,790,2400,32.9,1447,1858,77.9,748,2563,3311,1957,1279,735,418,411,1932,1694,-766,2018-19
30,New York Knicks,82,17,65,0.207,3956,8575,3134,7241,43.3,823,2421,34,1484,1956,75.9,857,2811,3668,1646,1151,557,422,458,1713,1708,-755,2018-19
1,Houston Rockets,82,65,17,0.793,3951,9213,3174,6906,46,1256,3470,36.2,1609,2061,78.1,739,2825,3564,1767,1135,699,392,363,1597,1670,695,2017-18
2,Toronto Raptors,82,59,23,0.72,3966,9156,3383,7169,47.2,968,2705,35.8,1422,1790,79.4,800,2807,3607,1995,1095,626,500,401,1783,1633,638,2017-18
3,Golden State Warriors,82,58,24,0.707,3946,9304,3509,6979,50.3,926,2369,39.1,1360,1668,81.5,691,2877,3568,2402,1265,656,612,300,1607,1516,490,2017-18
4,Philadelphia 76ers,82,52,30,0.634,3956,9004,3349,7098,47.2,901,2445,36.9,1405,1868,75.2,893,2996,3889,2221,1353,682,420,417,1811,1670,369,2017-18
5,Utah Jazz,82,48,34,0.585,3951,8540,3139,6797,46.2,887,2425,36.6,1375,1766,77.9,740,2807,3547,1839,1205,708,420,380,1608,1683,353,2017-18
6,Boston Celtics,82,55,27,0.671,3961,8529,3141,6975,45,939,2492,37.7,1308,1697,77.1,767,2878,3645,1842,1148,604,373,364,1618,1571,294,2017-18
7,Oklahoma City Thunder,82,48,34,0.585,3966,8844,3271,7221,45.3,881,2491,35.4,1421,1985,71.6,1024,2671,3695,1750,1147,743,412,377,1653,1750,280,2017-18
8,San Antonio Spurs,82,47,35,0.573,3946,8424,3202,6999,45.7,696,1977,35.2,1324,1715,77.2,849,2777,3626,1868,1078,628,460,318,1408,1619,237,2017-18
9,Portland Trail Blazers,82,49,33,0.598,3951,8661,3222,7132,45.2,845,2308,36.6,1372,1715,80,835,2893,3728,1599,1109,573,423,418,1599,1564,213,2017-18
10,Minnesota Timberwolves,82,47,35,0.573,3961,8980,3365,7063,47.6,658,1845,35.7,1592,1980,80.4,848,2593,3441,1861,1021,689,345,382,1495,1710,183,2017-18
11,Denver Nuggets,82,46,36,0.561,3976,9020,3338,7102,47,940,2536,37.1,1404,1830,76.7,902,2748,3650,2059,1226,627,404,391,1533,1699,121,2017-18
12,Indiana Pacers,82,48,34,0.585,3951,8656,3345,7083,47.2,741,2010,36.9,1225,1573,77.9,788,2684,3472,1819,1088,721,340,428,1544,1514,113,2017-18
13,New Orleans Pelicans,82,48,34,0.585,3991,9161,3500,7241,48.3,837,2312,36.2,1324,1716,77.2,712,2923,3635,2195,1223,657,485,344,1570,1669,107,2017-18
14,Cleveland Cavaliers,82,50,32,0.61,3946,9091,3311,6950,47.6,981,2636,37.2,1488,1909,77.9,694,2761,3455,1916,1126,582,312,340,1524,1696,77,2017-18
15,Washington Wizards,82,43,39,0.524,3971,8742,3275,7018,46.7,814,2173,37.5,1378,1786,77.2,823,2713,3536,2065,1196,645,353,383,1746,1639,48,2017-18
16,Miami Heat,82,44,38,0.537,3986,8480,3184,6997,45.5,903,2506,36,1209,1601,75.5,763,2801,3564,1862,1178,620,437,378,1648,1587,39,2017-18
17,Charlotte Hornets,82,36,46,0.439,3956,8874,3197,7106,45,824,2233,36.9,1656,2216,74.7,827,2901,3728,1770,1041,559,373,404,1409,1839,21,2017-18
18,LA Clippers,82,42,40,0.512,3941,8937,3302,7004,47.1,777,2196,35.4,1556,2095,74.3,832,2766,3598,1832,1204,628,372,462,1638,1803,3,2017-18
19,Detroit Pistons,82,39,43,0.476,3961,8509,3208,7129,45,886,2373,37.3,1207,1621,74.5,830,2756,3586,1868,1102,628,317,398,1508,1511,-12,2017-18
20,Milwaukee Bucks,82,44,38,0.537,3966,8731,3257,6807,47.8,718,2024,35.5,1499,1915,78.3,688,2579,3267,1905,1135,722,443,366,1752,1633,-25,2017-18
21,Los Angeles Lakers,82,35,47,0.427,3981,8862,3338,7248,46.1,822,2384,34.5,1364,1910,71.4,876,2927,3803,1949,1295,633,388,447,1736,1679,-127,2017-18
22,Dallas Mavericks,82,24,58,0.293,3961,8390,3128,7042,44.4,967,2688,36,1167,1530,76.3,666,2717,3383,1858,1007,578,310,369,1578,1604,-249,2017-18
23,New York Knicks,82,29,53,0.354,3966,8566,3334,7193,46.4,673,1914,35.2,1225,1557,78.7,859,2752,3611,1912,1208,552,421,389,1682,1509,-292,2017-18
24,Brooklyn Nets,82,28,54,0.341,3971,8741,3136,7114,44.1,1041,2924,35.6,1428,1850,77.2,792,2852,3644,1941,1245,512,390,450,1688,1615,-307,2017-18
25,Orlando Magic,82,25,57,0.305,3946,8479,3182,7042,45.2,844,2405,35.1,1271,1678,75.7,722,2692,3414,1921,1192,622,400,402,1579,1556,-395,2017-18
26,Atlanta Hawks,82,24,58,0.293,3941,8475,3130,7015,44.6,917,2544,36,1298,1654,78.5,743,2693,3436,1946,1274,638,348,453,1606,1661,-447,2017-18
27,Memphis Grizzlies,82,22,60,0.268,3941,8145,3013,6788,44.4,758,2152,35.2,1361,1732,78.6,779,2544,3323,1767,1227,613,396,421,1900,1674,-509,2017-18
28,Sacramento Kings,82,27,55,0.329,3951,8104,3179,7063,45,738,1967,37.5,1008,1371,73.5,776,2578,3354,1768,1125,643,340,389,1639,1422,-573,2017-18
29,Chicago Bulls,82,27,55,0.329,3971,8440,3170,7285,43.5,906,2549,35.5,1194,1574,75.9,790,2872,3662,1923,1147,626,289,423,1571,1425,-577,2017-18
30,Phoenix Suns,82,21,61,0.256,3941,8522,3153,7141,44.2,763,2286,33.4,1453,1962,74.1,842,2776,3618,1743,1289,569,370,488,1807,1715,-768,2017-18
1,Golden State Warriors,82,67,15,0.817,3956,9503,3532,7140,49.5,982,2562,38.3,1457,1850,78.8,770,2873,3643,2491,1211,785,555,313,1585,1588,954,2016-17
2,San Antonio Spurs,82,61,21,0.744,3961,8637,3222,6864,46.9,753,1927,39.1,1440,1806,79.7,821,2777,3598,1954,1101,655,484,333,1498,1623,590,2016-17
3,Houston Rockets,82,55,27,0.671,3956,9458,3305,7152,46.2,1181,3306,35.7,1667,2177,76.6,892,2746,3638,2070,1240,670,352,409,1634,1674,473,2016-17
4,LA Clippers,82,51,31,0.622,3951,8911,3242,6820,47.5,841,2245,37.5,1586,2128,74.5,738,2790,3528,1848,1062,612,347,258,1626,1835,352,2016-17
5,Toronto Raptors,82,51,31,0.622,3956,8762,3211,6918,46.4,725,1996,36.3,1615,2028,79.6,871,2676,3547,1517,1041,677,400,392,1708,1666,345,2016-17
6,Utah Jazz,82,51,31,0.622,3951,8258,3033,6515,46.6,791,2128,37.2,1401,1875,74.7,771,2774,3545,1651,1118,550,410,312,1545,1655,323,2016-17
7,Cleveland Cavaliers,82,51,31,0.622,3976,9048,3275,6963,47,1067,2779,38.4,1431,1913,74.8,766,2821,3587,1858,1121,539,327,349,1486,1690,261,2016-17
8,Boston Celtics,82,53,29,0.646,3951,8857,3168,6977,45.4,985,2741,35.9,1536,1903,80.7,743,2698,3441,2069,1088,617,340,425,1686,1664,216,2016-17
9,Washington Wizards,82,49,33,0.598,3971,8953,3388,7137,47.5,756,2030,37.2,1421,1812,78.4,843,2671,3514,1956,1162,693,336,377,1745,1621,148,2016-17
10,Miami Heat,82,41,41,0.5,3956,8460,3202,7037,45.5,808,2213,36.5,1248,1768,70.6,872,2705,3577,1742,1102,588,469,398,1680,1530,87,2016-17
11,Oklahoma City Thunder,82,47,35,0.573,3961,8741,3237,7169,45.2,692,2116,32.7,1575,2113,74.5,1002,2821,3823,1721,1230,648,408,450,1715,1697,62,2016-17
12,Denver Nuggets,82,40,42,0.488,3951,9161,3377,7194,46.9,870,2365,36.8,1537,1986,77.4,966,2837,3803,2077,1226,568,323,404,1567,1653,42,2016-17
13,Memphis Grizzlies,82,43,39,0.524,3981,8239,2984,6854,43.5,767,2169,35.4,1504,1918,78.4,886,2621,3507,1744,1059,653,344,410,1840,1708,40,2016-17
14,Chicago Bulls,82,41,41,0.5,3956,8435,3169,7141,44.4,623,1831,34,1474,1848,79.8,999,2797,3796,1851,1112,643,393,378,1455,1541,35,2016-17
15,Charlotte Hornets,82,36,46,0.439,3966,8601,3093,7000,44.2,824,2347,35.1,1591,1953,81.5,721,2853,3574,1891,942,571,390,450,1360,1631,16,2016-17
16,Milwaukee Bucks,82,42,40,0.512,3956,8497,3182,6715,47.4,720,1946,37,1413,1839,76.8,723,2589,3312,1984,1145,666,436,375,1660,1579,-15,2016-17
17,Indiana Pacers,82,42,40,0.512,3971,8618,3221,6931,46.5,709,1885,37.6,1467,1811,81,742,2702,3444,1844,1130,669,409,407,1597,1599,-18,2016-17
18,Portland Trail Blazers,82,41,41,0.5,3986,8851,3243,7059,45.9,852,2272,37.5,1513,1940,78,830,2750,3580,1733,1126,574,408,431,1736,1624,-43,2016-17
19,Atlanta Hawks,82,43,39,0.524,3976,8459,3123,6918,45.1,729,2137,34.1,1484,2039,72.8,842,2793,3635,1938,1294,672,397,424,1491,1768,-70,2016-17
20,Minnesota Timberwolves,82,31,51,0.378,3961,8657,3235,6922,46.7,601,1723,34.9,1586,1986,79.9,938,2540,3478,1940,1150,654,370,413,1646,1681,-91,2016-17
21,Detroit Pistons,82,37,45,0.451,3961,8309,3269,7282,44.9,631,1915,33,1140,1586,71.9,908,2838,3746,1732,973,574,310,339,1467,1434,-92,2016-17
22,New Orleans Pelicans,82,34,48,0.415,3981,8556,3210,7130,45,768,2196,35,1368,1825,75,703,2879,3582,1869,1054,638,453,348,1490,1581,-172,2016-17
23,Dallas Mavericks,82,33,49,0.402,3956,8029,2968,6750,44,878,2473,35.5,1215,1516,80.1,647,2516,3163,1705,972,614,307,280,1567,1591,-240,2016-17
24,New York Knicks,82,31,51,0.378,3971,8556,3244,7256,44.7,704,2022,34.8,1364,1731,78.8,983,2723,3706,1786,1139,581,455,377,1668,1516,-301,2016-17
25,Sacramento Kings,82,32,50,0.39,3976,8430,3105,6734,46.1,737,1960,37.6,1483,1913,77.5,715,2652,3367,1844,1201,627,324,420,1667,1646,-318,2016-17
26,Phoenix Suns,82,24,58,0.293,3966,8831,3270,7260,45,615,1854,33.2,1676,2159,77.6,976,2712,3688,1604,1265,673,399,435,2030,1822,-462,2016-17
27,Philadelphia 76ers,82,28,54,0.341,3966,8400,3088,6992,44.2,831,2443,34,1393,1806,77.1,807,2706,3513,1949,1366,692,420,446,1793,1610,-467,2016-17
28,Orlando Magic,82,29,53,0.354,3961,8288,3139,7133,44,701,2139,32.8,1309,1753,74.7,807,2734,3541,1820,1091,580,396,419,1584,1532,-539,2016-17
29,Brooklyn Nets,82,20,62,0.244,3951,8673,3102,6987,44.4,877,2591,33.8,1592,2020,78.8,721,2879,3600,1756,1356,593,387,457,1726,1671,-552,2016-17
30,Los Angeles Lakers,82,26,56,0.317,3941,8575,3224,7164,45,730,2110,34.6,1397,1853,75.4,933,2636,3569,1716,1243,674,320,440,1698,1520,-564,2016-17
1,Golden State Warriors,82,73,9,0.89,3976,9421,3489,7159,48.7,1077,2592,41.6,1366,1790,76.3,816,2972,3788,2373,1245,689,498,336,1701,1627,882,2015-16
2,San Antonio Spurs,82,67,15,0.817,3941,8490,3289,6797,48.4,570,1518,37.5,1342,1672,80.3,770,2831,3601,2010,1071,677,485,317,1433,1597,872,2015-16
3,Oklahoma City Thunder,82,55,27,0.671,3966,9038,3372,7082,47.6,678,1945,34.9,1616,2067,78.2,1071,2916,3987,1883,1305,603,487,373,1691,1653,597,2015-16
4,Cleveland Cavaliers,82,57,25,0.695,3971,8555,3171,6888,46,880,2428,36.2,1333,1783,74.8,873,2777,3650,1861,1114,551,317,362,1666,1690,492,2015-16
5,Toronto Raptors,82,56,26,0.683,3956,8422,3006,6669,45.1,708,1915,37,1702,2190,77.7,836,2724,3560,1536,1073,636,449,442,1610,1801,369,2015-16
6,LA Clippers,82,53,29,0.646,3966,8569,3141,6759,46.5,797,2190,36.4,1490,2152,69.2,721,2727,3448,1873,1063,709,460,259,1746,1842,351,2015-16
7,Atlanta Hawks,82,48,34,0.585,3966,8433,3168,6923,45.8,815,2326,35,1282,1638,78.3,679,2772,3451,2100,1226,747,486,411,1570,1500,296,2015-16
8,Boston Celtics,82,48,34,0.585,3956,8669,3216,7318,43.9,717,2142,33.5,1520,1929,78.8,950,2733,3683,1981,1127,752,348,450,1796,1718,263,2015-16
9,Charlotte Hornets,82,48,34,0.585,3971,8479,3036,6922,43.9,873,2410,36.2,1534,1941,79,734,2869,3603,1778,1029,595,438,448,1487,1670,223,2015-16
10,Utah Jazz,82,40,42,0.488,3991,8010,2957,6593,44.9,694,1956,35.5,1402,1885,74.4,880,2665,3545,1554,1224,631,425,385,1655,1629,147,2015-16
11,Indiana Pacers,82,45,37,0.549,3976,8377,3142,6985,45,663,1889,35.1,1430,1872,76.4,847,2779,3626,1741,1219,742,391,366,1641,1676,140,2015-16
12,Miami Heat,82,48,34,0.585,3966,8204,3150,6697,47,498,1480,33.6,1406,1889,74.4,807,2811,3618,1709,1155,553,531,337,1502,1608,135,2015-16
13,Portland Trail Blazers,82,44,38,0.537,3961,8622,3167,7040,45,864,2336,37,1424,1889,75.4,948,2782,3730,1748,1200,562,380,424,1782,1597,68,2015-16
14,Detroit Pistons,82,44,38,0.537,3976,8361,3111,7087,43.9,740,2148,34.5,1399,2095,66.8,1021,2777,3798,1594,1110,573,304,366,1557,1773,50,2015-16
15,Houston Rockets,82,41,41,0.5,3966,8737,3094,6847,45.2,878,2533,34.7,1671,2407,69.4,930,2601,3531,1821,1307,821,430,404,1790,1847,16,2015-16
16,Dallas Mavericks,82,42,40,0.512,4001,8388,3064,6900,44.4,806,2342,34.4,1454,1831,79.4,751,2781,3532,1813,1047,560,306,363,1595,1757,-25,2015-16
17,Washington Wizards,82,41,41,0.5,3951,8534,3238,7033,46,709,1983,35.8,1349,1849,73,743,2688,3431,2005,1186,708,323,356,1708,1651,-41,2015-16
18,Chicago Bulls,82,42,40,0.512,3981,8335,3165,7170,44.1,651,1753,37.1,1354,1720,78.7,907,2889,3796,1870,1141,495,470,465,1545,1535,-121,2015-16
19,Orlando Magic,82,35,47,0.427,3981,8369,3242,7120,45.5,636,1818,35,1249,1649,75.7,843,2709,3552,1933,1155,673,417,448,1701,1497,-133,2015-16
20,Memphis Grizzlies,82,42,40,0.512,3966,8126,3019,6859,44,504,1521,33.1,1584,2024,78.3,916,2497,3413,1697,1090,724,350,469,1783,1732,-184,2015-16
21,Sacramento Kings,82,33,49,0.402,3961,8740,3283,7083,46.4,660,1839,35.9,1514,2089,72.5,868,2760,3628,2009,1326,733,368,437,1676,1800,-203,2015-16
22,New York Knicks,82,32,50,0.39,3961,8065,3022,6886,43.9,610,1762,34.6,1411,1753,80.5,850,2788,3638,1682,1099,467,466,343,1616,1520,-224,2015-16
23,Denver Nuggets,82,33,49,0.402,3966,8355,3093,7003,44.2,656,1943,33.8,1513,1974,76.6,941,2718,3659,1858,1202,609,395,517,1723,1712,-254,2015-16
24,Minnesota Timberwolves,82,29,53,0.354,3976,8398,3095,6668,46.4,455,1347,33.8,1753,2213,79.2,821,2587,3408,1916,1231,656,375,427,1696,1768,-290,2015-16
25,New Orleans Pelicans,82,30,52,0.366,3956,8423,3153,7040,44.8,702,1951,36,1415,1823,77.6,782,2712,3494,1818,1102,633,342,423,1713,1630,-311,2015-16
26,Milwaukee Bucks,82,33,49,0.402,3966,8122,3145,6740,46.7,440,1277,34.5,1392,1863,74.7,858,2559,3417,1895,1247,672,475,462,1695,1600,-343,2015-16
27,Phoenix Suns,82,23,59,0.28,3941,8271,3051,7018,43.5,738,2118,34.8,1431,1905,75.1,943,2733,3676,1701,1410,632,313,449,1858,1770,-546,2015-16
28,Brooklyn Nets,82,21,61,0.256,3951,8089,3136,6920,45.3,531,1508,35.2,1286,1699,75.7,863,2614,3477,1829,1212,627,332,430,1476,1510,-603,2015-16
29,Los Angeles Lakers,82,17,65,0.207,3946,7982,2880,6956,41.4,639,2016,31.7,1583,2028,78.1,878,2645,3523,1478,1124,593,337,458,1662,1573,-784,2015-16
30,Philadelphia 76ers,82,10,72,0.122,3961,7988,2970,6887,43.1,764,2255,33.9,1284,1850,69.4,777,2605,3382,1765,1343,680,495,466,1780,1571,-839,2015-16
1,Golden State Warriors,82,67,15,0.817,3946,9016,3410,7137,47.8,883,2217,39.8,1313,1709,76.8,853,2814,3667,2248,1185,762,496,293,1628,1541,828,2014-15
2,Los Angeles Clippers,82,56,26,0.683,3946,8751,3228,6830,47.3,827,2202,37.6,1468,2067,71,784,2711,3495,2031,1012,640,409,245,1749,1766,540,2014-15
3,San Antonio Spurs,82,55,27,0.671,3991,8461,3208,6854,46.8,677,1847,36.7,1368,1754,78,806,2772,3578,2000,1146,657,444,362,1564,1613,508,2014-15
4,Atlanta Hawks,82,60,22,0.732,3946,8409,3121,6699,46.6,818,2152,38,1349,1735,77.8,715,2611,3326,2111,1167,744,380,404,1457,1611,445,2014-15
5,Cleveland Cavaliers,82,53,29,0.646,3956,8457,3089,6739,45.8,826,2253,36.7,1453,1934,75.1,911,2612,3523,1814,1171,603,340,368,1510,1685,367,2014-15
6,Portland Trail Blazers,82,51,31,0.622,3971,8429,3175,7049,45,807,2231,36.2,1272,1589,80.1,879,2881,3760,1799,1117,525,372,297,1494,1534,347,2014-15
7,Houston Rockets,82,56,26,0.683,3961,8522,3032,6832,44.4,933,2680,34.8,1525,2133,71.5,958,2624,3582,1820,1366,777,407,437,1803,1730,282,2014-15
8,Memphis Grizzlies,82,55,27,0.671,3981,8062,3097,6763,45.8,423,1246,33.9,1445,1869,77.3,856,2634,3490,1777,1094,700,347,424,1567,1662,266,2014-15
9,Toronto Raptors,82,49,33,0.598,3971,8527,3108,6829,45.5,726,2060,35.2,1585,2014,78.7,881,2526,3407,1701,1057,615,357,413,1712,1668,252,2014-15
10,Chicago Bulls,82,50,32,0.61,3976,8265,3001,6797,44.2,645,1825,35.3,1618,2067,78.3,959,2792,3751,1781,1145,514,476,443,1495,1736,246,2014-15
11,Dallas Mavericks,82,50,32,0.61,3976,8628,3255,7036,46.3,732,2082,35.2,1386,1843,75.2,858,2608,3466,1846,1062,663,371,314,1644,1816,238,2014-15
12,Oklahoma City Thunder,82,45,37,0.549,3966,8524,3184,7119,44.7,632,1864,33.9,1524,2020,75.4,1052,2844,3896,1681,1205,598,454,377,1829,1675,179,2014-15
13,New Orleans Pelicans,82,45,37,0.549,3956,8147,3108,6795,45.7,586,1583,37,1345,1790,75.1,942,2621,3563,1806,1087,553,510,475,1530,1533,65,2014-15
14,Washington Wizards,82,46,36,0.561,3991,8080,3139,6790,46.2,497,1381,36,1305,1758,74.2,862,2801,3663,1969,1233,601,378,350,1707,1610,59,2014-15
15,Milwaukee Bucks,82,41,41,0.5,3986,8023,3083,6722,45.9,545,1500,36.3,1312,1734,75.7,876,2574,3450,1932,1373,789,403,392,1814,1649,35,2014-15
16,Indiana Pacers,82,38,44,0.463,3971,7981,2998,6824,43.9,612,1740,35.2,1373,1817,75.6,856,2822,3678,1757,1147,505,375,386,1742,1754,23,2014-15
17,Utah Jazz,82,38,44,0.463,3941,7801,2900,6492,44.7,610,1781,34.3,1391,1929,72.1,988,2617,3605,1632,1256,623,489,382,1583,1604,18,2014-15
18,Boston Celtics,82,40,42,0.488,3976,8312,3193,7211,44.3,660,2021,32.7,1266,1678,75.4,910,2685,3595,2009,1133,674,294,431,1738,1545,13,2014-15
19,Phoenix Suns,82,39,43,0.476,3976,8397,3178,7038,45.2,698,2048,34.1,1343,1767,76,896,2643,3539,1659,1238,700,385,337,1744,1664,-74,2014-15
20,Detroit Pistons,82,32,50,0.39,3966,8077,3041,7038,43.2,703,2043,34.4,1292,1838,70.3,1051,2630,3681,1771,1099,623,383,391,1559,1584,-82,2014-15
21,Miami Heat,82,37,45,0.451,3946,7764,2885,6330,45.6,556,1659,33.5,1438,1940,74.1,747,2461,3208,1626,1214,642,372,359,1636,1715,-213,2014-15
22,Brooklyn Nets,82,38,44,0.463,3986,8038,3069,6804,45.1,541,1633,33.1,1359,1817,74.8,846,2627,3473,1716,1133,576,340,372,1579,1641,-236,2014-15
23,Charlotte Hornets,82,33,49,0.402,3981,7721,2913,6932,42,498,1566,31.8,1397,1867,74.8,820,2793,3613,1654,976,499,448,440,1494,1708,-260,2014-15
24,Denver Nuggets,82,30,52,0.366,3976,8320,3099,7158,43.3,660,2032,32.5,1462,1991,73.4,1012,2653,3665,1788,1166,641,367,504,1882,1698,-291,2014-15
25,Sacramento Kings,82,29,53,0.354,3971,8310,3010,6617,45.5,461,1350,34.1,1829,2400,76.2,895,2728,3623,1667,1333,550,324,508,1696,1958,-304,2014-15
26,Orlando Magic,82,25,57,0.305,3951,7847,3076,6792,45.3,554,1598,34.7,1141,1565,72.9,822,2607,3429,1692,1221,647,314,441,1714,1467,-469,2014-15
27,Los Angeles Lakers,82,21,61,0.256,3986,8073,3054,7020,43.5,532,1546,34.4,1433,1935,74.1,952,2647,3599,1715,1086,578,366,396,1741,1589,-561,2014-15
28,Minnesota Timberwolves,82,16,66,0.195,3961,8016,2986,6820,43.8,406,1223,33.2,1638,2110,77.6,949,2406,3355,1771,1231,668,327,449,1571,1751,-721,2014-15
29,Philadelphia 76ers,82,18,64,0.22,3961,7542,2765,6777,40.8,692,2160,32,1320,1953,67.6,978,2536,3514,1683,1453,789,487,454,1778,1657,-736,2014-15
30,New York Knicks,82,17,65,0.207,3971,7535,2882,6726,42.8,560,1614,34.7,1211,1575,76.9,867,2443,3310,1746,1206,575,382,353,1768,1564,-764,2014-15
1,San Antonio Spurs,82,62,20,0.756,3951,8639,3326,6844,48.6,698,1757,39.7,1289,1642,78.5,762,2786,3548,2064,1180,604,420,379,1495,1585,633,2013-14
2,Los Angeles Clippers,82,57,25,0.695,3951,8850,3208,6761,47.4,693,1966,35.2,1741,2384,73,858,2668,3526,2016,1136,703,397,284,1767,1919,572,2013-14
3,Oklahoma City Thunder,82,59,23,0.72,3961,8705,3194,6782,47.1,664,1839,36.1,1653,2052,80.6,887,2781,3668,1794,1256,678,501,296,1858,1672,520,2013-14
4,Golden State Warriors,82,51,31,0.622,3966,8549,3236,7005,46.2,774,2037,38,1303,1731,75.3,896,2819,3715,1912,1247,642,407,342,1784,1584,394,2013-14
5,Miami Heat,82,54,28,0.659,3976,8380,3142,6272,50.1,665,1829,36.4,1431,1884,76,627,2397,3024,1847,1212,732,367,256,1596,1675,390,2013-14
6,Houston Rockets,82,54,28,0.659,3966,8829,3118,6603,47.2,779,2179,35.8,1814,2549,71.2,920,2797,3717,1755,1323,621,461,460,1676,1993,374,2013-14
7,Indiana Pacers,82,56,26,0.683,3956,7933,2949,6573,44.9,550,1542,35.7,1485,1907,77.9,834,2831,3665,1651,1237,550,446,378,1675,1793,361,2013-14
8,Portland Trail Blazers,82,54,28,0.659,3971,8753,3207,7134,45,770,2071,37.2,1569,1926,81.5,1022,2786,3808,1904,1125,454,387,304,1576,1698,327,2013-14
9,Toronto Raptors,82,48,34,0.585,3991,8305,2992,6718,44.5,713,1917,37.2,1608,2055,78.2,935,2552,3487,1737,1159,577,343,352,1882,1815,266,2013-14
10,Minnesota Timberwolves,82,40,42,0.488,3971,8768,3189,7175,44.4,600,1757,34.1,1790,2301,77.8,1024,2644,3668,1963,1142,718,297,457,1504,1936,219,2013-14
11,Phoenix Suns,82,48,34,0.585,3951,8629,3172,6845,46.3,765,2055,37.2,1520,2004,75.8,928,2601,3529,1563,1258,688,374,332,1798,1749,216,2013-14
12,Dallas Mavericks,82,49,33,0.598,3966,8597,3249,6858,47.4,721,1877,38.4,1378,1733,79.5,840,2514,3354,1935,1110,704,356,288,1636,1633,197,2013-14
13,Chicago Bulls,82,48,34,0.585,3986,7680,2843,6577,43.2,508,1459,34.8,1486,1908,77.9,937,2683,3620,1860,1223,594,424,490,1565,1714,152,2013-14
14,Memphis Grizzlies,82,50,32,0.61,3961,7884,3122,6723,46.4,405,1147,35.3,1235,1666,74.1,950,2526,3476,1792,1124,631,375,410,1568,1553,129,2013-14
15,Washington Wizards,82,44,38,0.537,4011,8254,3177,6920,45.9,647,1704,38,1253,1715,73.1,886,2573,3459,1909,1204,668,377,320,1675,1600,104,2013-14
16,Charlotte Bobcats,82,43,39,0.524,3981,7942,2976,6730,44.2,516,1471,35.1,1474,2000,73.7,776,2724,3500,1778,1010,499,421,415,1493,1716,-18,2013-14
17,Atlanta Hawks,82,38,44,0.463,3966,8282,3061,6688,45.8,768,2116,36.3,1392,1782,78.1,713,2565,3278,2041,1251,680,326,354,1577,1643,-39,2013-14
18,New York Knicks,82,37,45,0.451,3971,8084,3027,6739,44.9,759,2038,37.2,1271,1670,76.1,870,2437,3307,1641,1063,631,367,277,1815,1611,-65,2013-14
19,Brooklyn Nets,82,44,38,0.537,3976,8079,2931,6391,45.9,709,1922,36.9,1508,2002,75.3,721,2407,3128,1714,1191,705,311,337,1777,1704,-82,2013-14
20,Denver Nuggets,82,36,46,0.439,3951,8559,3147,7042,44.7,702,1959,35.8,1563,2154,72.6,1009,2717,3726,1838,1305,615,459,459,1890,1778,-176,2013-14
21,New Orleans Pelicans,82,34,48,0.415,3971,8177,3101,6761,45.9,486,1303,37.3,1489,1936,76.9,933,2486,3419,1745,1129,647,523,504,1857,1664,-222,2013-14
22,Sacramento Kings,82,28,54,0.341,3966,8241,3026,6766,44.7,491,1475,33.3,1698,2237,75.9,990,2656,3646,1547,1249,587,318,459,1849,1897,-238,2013-14
23,Cleveland Cavaliers,82,33,49,0.402,3986,8054,3036,6955,43.7,584,1640,35.6,1398,1861,75.1,989,2629,3618,1738,1163,579,304,461,1640,1599,-270,2013-14
24,Detroit Pistons,82,29,53,0.354,3956,8286,3182,7124,44.7,507,1580,32.1,1415,2111,67,1196,2525,3721,1714,1193,687,395,403,1666,1699,-300,2013-14
25,Boston Celtics,82,25,57,0.305,3946,7892,2996,6883,43.5,575,1729,33.3,1325,1706,77.7,980,2505,3485,1726,1261,584,343,373,1743,1564,-366,2013-14
26,Orlando Magic,82,23,59,0.28,3991,7914,3022,6784,44.5,563,1596,35.3,1307,1714,76.3,794,2654,3448,1726,1222,630,350,445,1678,1500,-446,2013-14
27,Los Angeles Lakers,82,27,55,0.329,3941,8442,3139,6980,45,774,2032,38.1,1390,1835,75.7,745,2620,3365,2006,1239,611,446,387,1627,1580,-516,2013-14
28,Utah Jazz,82,25,57,0.305,3956,7791,2951,6652,44.4,543,1577,34.4,1346,1803,74.7,904,2477,3381,1664,1200,570,366,401,1699,1673,-588,2013-14
29,Milwaukee Bucks,82,15,67,0.183,3976,7829,2952,6737,43.8,548,1553,35.3,1377,1843,74.7,971,2399,3370,1760,1238,541,403,413,1713,1690,-671,2013-14
30,Philadelphia 76ers,82,19,63,0.232,3971,8155,3108,7150,43.5,577,1847,31.2,1362,1918,71,949,2556,3505,1791,1384,765,330,558,1844,1686,-857,2013-14
1,Oklahoma City Thunder,82,60,22,0.732,3966,8669,3126,6504,48.1,598,1588,37.7,1819,2196,82.8,854,2725,3579,1753,1253,679,624,322,1654,1698,755,2012-13
2,Miami Heat,82,66,16,0.805,3976,8436,3148,6348,49.6,717,1809,39.6,1423,1887,75.4,676,2490,3166,1890,1143,710,441,262,1533,1673,645,2012-13
3,Los Angeles Clippers,82,56,26,0.683,3946,8289,3160,6608,47.8,627,1752,35.8,1342,1888,71.1,938,2475,3413,1958,1197,784,461,335,1716,1712,529,2012-13
4,San Antonio Spurs,82,58,24,0.707,3976,8448,3210,6675,48.1,663,1764,37.6,1365,1725,79.1,666,2721,3387,2058,1206,695,446,405,1427,1565,525,2012-13
5,Denver Nuggets,82,57,25,0.695,3981,8704,3339,6983,47.8,521,1518,34.3,1505,2148,70.1,1092,2601,3693,2002,1253,762,533,554,1682,1775,417,2012-13
6,New York Knicks,82,54,28,0.659,3946,8196,2996,6689,44.8,891,2371,37.6,1313,1729,75.9,890,2436,3326,1579,988,672,294,327,1650,1576,347,2012-13
7,Memphis Grizzlies,82,56,26,0.683,3961,7659,2964,6679,44.4,382,1107,34.5,1349,1746,77.3,1059,2445,3504,1715,1144,703,436,450,1660,1643,340,2012-13
8,Indiana Pacers,81,49,32,0.605,3918,7674,2845,6525,43.6,555,1599,34.7,1429,1915,74.6,1043,2671,3714,1645,1227,580,513,459,1623,1777,326,2012-13
9,Houston Rockets,82,45,37,0.549,3956,8688,3124,6782,46.1,867,2369,36.6,1573,2087,75.4,909,2652,3561,1902,1348,679,359,498,1662,1674,285,2012-13
10,Brooklyn Nets,82,49,33,0.598,3971,7944,2942,6544,45,628,1760,35.7,1432,1958,73.1,1047,2460,3507,1668,1206,599,391,390,1500,1751,146,2012-13
11,Los Angeles Lakers,82,45,37,0.549,3951,8381,3041,6640,45.8,715,2015,35.5,1584,2289,69.2,942,2732,3674,1818,1232,576,429,396,1467,1891,95,2012-13
12,Golden State Warriors,82,47,35,0.573,3961,8296,3130,6840,45.8,658,1632,40.3,1378,1744,79,885,2801,3686,1845,1236,567,346,399,1753,1571,73,2012-13
13,Atlanta Hawks,82,44,38,0.537,3971,8032,3084,6644,46.4,706,1901,37.1,1158,1619,71.5,758,2593,3351,2007,1219,664,369,350,1473,1543,33,2012-13
14,Chicago Bulls,82,45,37,0.549,3966,7641,2926,6698,43.7,446,1265,35.3,1343,1738,77.3,1026,2514,3540,1886,1171,588,417,477,1617,1609,26,2012-13
15,Utah Jazz,82,43,39,0.524,3976,8038,3046,6710,45.4,507,1385,36.6,1439,1883,76.4,989,2457,3446,1859,1210,690,515,480,1750,1670,-7,2012-13
16,Boston Celtics,81,41,40,0.506,3968,7818,3001,6459,46.5,498,1390,35.8,1318,1698,77.6,654,2533,3187,1843,1181,667,365,378,1717,1574,-18,2012-13
17,Dallas Mavericks,82,41,41,0.5,3996,8293,3182,6892,46.2,606,1628,37.2,1323,1669,79.3,767,2670,3437,1906,1144,648,454,340,1698,1547,-49,2012-13
18,Toronto Raptors,82,34,48,0.415,3996,7971,2979,6685,44.6,571,1665,34.3,1442,1831,78.8,871,2426,3297,1765,1124,595,392,387,1836,1650,-121,2012-13
19,Milwaukee Bucks,82,38,44,0.463,3966,8108,3128,7197,43.5,601,1670,36,1251,1700,73.6,1068,2537,3605,1876,1156,685,550,362,1554,1567,-123,2012-13
20,Minnesota Timberwolves,82,31,51,0.378,3946,7851,2943,6702,43.9,450,1475,30.5,1515,2042,74.2,973,2473,3446,1836,1214,700,387,481,1509,1847,-194,2012-13
21,Washington Wizards,82,29,53,0.354,3971,7644,2910,6693,43.5,545,1495,36.5,1279,1746,73.3,887,2652,3539,1775,1238,598,376,358,1681,1569,-208,2012-13
22,Portland Trail Blazers,82,33,49,0.402,3971,7995,3009,6715,44.8,673,1904,35.3,1304,1680,77.6,874,2474,3348,1784,1203,538,353,359,1518,1537,-260,2012-13
23,Philadelphia 76ers,82,34,48,0.415,3951,7640,3059,6895,44.4,518,1438,36,1004,1377,72.9,896,2493,3389,1867,1070,609,384,396,1505,1331,-274,2012-13
24,New Orleans Hornets,82,27,55,0.329,3956,7714,2955,6589,44.8,535,1474,36.3,1269,1636,77.6,988,2426,3414,1721,1193,520,440,492,1673,1534,-317,2012-13
25,Detroit Pistons,82,29,53,0.354,3961,7778,2979,6638,44.9,513,1440,35.6,1307,1870,69.9,991,2463,3454,1742,1241,574,400,472,1623,1630,-327,2012-13
26,Cleveland Cavaliers,82,24,58,0.293,3946,7913,2993,6901,43.4,547,1581,34.6,1380,1826,75.6,1004,2359,3363,1694,1149,647,334,560,1737,1615,-384,2012-13
27,Sacramento Kings,82,28,54,0.341,3966,8219,3086,6904,44.7,610,1681,36.3,1437,1869,76.9,943,2385,3328,1708,1199,671,342,517,1717,1636,-400,2012-13
28,Phoenix Suns,82,25,57,0.305,3961,7805,3061,6917,44.3,480,1455,33,1203,1618,74.4,959,2454,3413,1855,1278,659,434,421,1688,1511,-530,2012-13
29,Orlando Magic,82,20,62,0.244,3956,7718,3093,6904,44.8,506,1537,32.9,1026,1359,75.5,890,2612,3502,1871,1191,528,358,430,1591,1353,-573,2012-13
30,Charlotte Bobcats,82,21,61,0.256,3961,7661,2823,6649,42.5,469,1399,33.5,1546,2060,75,917,2389,3306,1587,1153,591,479,565,1561,1746,-757,2012-13
1,Chicago Bulls,66,50,16,0.758,3188,6359,2467,5462,45.2,419,1117,37.5,1006,1394,72.2,915,2165,3080,1527,923,456,388,343,1139,1166,540,2011-12
2,San Antonio Spurs,66,50,16,0.758,3188,6841,2611,5463,47.8,552,1405,39.3,1067,1427,74.8,683,2153,2836,1528,895,490,293,330,1143,1244,473,2011-12
3,Oklahoma City Thunder,66,47,19,0.712,3198,6802,2462,5229,47.1,472,1317,35.8,1406,1744,80.6,726,2157,2883,1224,1079,498,539,321,1352,1322,404,2011-12
4,Miami Heat,66,46,20,0.697,3208,6500,2446,5212,46.9,370,1030,35.9,1238,1598,77.5,686,2060,2746,1317,1002,585,355,280,1282,1356,395,2011-12
5,Philadelphia 76ers,66,35,31,0.53,3183,6180,2471,5516,44.8,349,963,36.2,889,1198,74.2,704,2144,2848,1453,738,526,340,316,1157,1070,280,2011-12
6,Atlanta Hawks,66,40,26,0.606,3233,6375,2429,5348,45.4,492,1330,37,1025,1385,74,652,2066,2718,1481,921,536,303,313,1178,1263,227,2011-12
7,Indiana Pacers,66,42,24,0.636,3198,6449,2354,5375,43.8,392,1064,36.8,1349,1724,78.2,826,2070,2896,1228,925,523,357,398,1430,1428,218,2011-12
8,New York Knicks,66,36,30,0.545,3188,6458,2365,5335,44.3,517,1538,33.6,1211,1634,74.1,743,2012,2755,1328,1056,622,276,334,1391,1437,211,2011-12
9,Denver Nuggets,66,38,28,0.576,3208,6872,2572,5404,47.6,435,1311,33.2,1293,1760,73.5,738,2105,2843,1581,1015,540,330,439,1297,1452,190,2011-12
10,Los Angeles Clippers,66,40,26,0.606,3193,6438,2439,5366,45.5,514,1441,35.7,1046,1538,68,800,1943,2743,1385,879,556,315,296,1399,1401,169,2011-12
11,Boston Celtics,66,39,27,0.591,3188,6062,2341,5086,46,363,988,36.7,1017,1308,77.8,509,2051,2560,1557,979,498,362,304,1315,1217,166,2011-12
12,Memphis Grizzlies,66,41,25,0.621,3188,6269,2425,5422,44.7,277,849,32.6,1142,1504,75.9,831,1944,2775,1290,955,631,345,363,1316,1275,133,2011-12
13,Los Angeles Lakers,66,41,25,0.621,3213,6422,2429,5319,45.7,362,1112,32.6,1202,1589,75.6,799,2251,3050,1485,997,390,351,302,1109,1332,94,2011-12
14,Dallas Mavericks,66,36,30,0.545,3213,6322,2398,5412,44.3,497,1464,33.9,1029,1334,77.1,665,2157,2822,1380,926,565,337,265,1226,1213,63,2011-12
15,Orlando Magic,66,37,29,0.561,3193,6215,2275,5162,44.1,670,1785,37.5,995,1508,66,742,2060,2802,1321,984,451,275,273,1168,1308,52,2011-12
16,Utah Jazz,66,36,30,0.545,3233,6577,2523,5531,45.6,273,845,32.3,1258,1668,75.4,861,2055,2916,1439,936,545,385,375,1441,1366,41,2011-12
17,Milwaukee Bucks,66,31,35,0.47,3173,6535,2502,5652,44.3,436,1265,34.5,1095,1415,77.4,820,1983,2803,1550,929,548,335,297,1273,1278,18,2011-12
18,Houston Rockets,66,34,32,0.515,3213,6474,2489,5543,44.9,478,1330,35.9,1018,1301,78.2,769,2014,2783,1404,955,496,319,340,1347,1215,15,2011-12
19,Phoenix Suns,66,33,33,0.5,3168,6492,2495,5445,45.8,444,1295,34.3,1058,1397,75.7,717,2035,2752,1486,928,431,366,288,1233,1293,-16,2011-12
20,Portland Trail Blazers,66,28,38,0.424,3193,6415,2402,5417,44.3,478,1382,34.6,1133,1423,79.6,735,1949,2684,1349,935,528,322,314,1251,1306,-41,2011-12
21,Minnesota Timberwolves,66,26,40,0.394,3188,6464,2355,5434,43.3,473,1423,33.2,1281,1662,77.1,797,2089,2886,1290,1001,436,293,377,1212,1435,-145,2011-12
22,Toronto Raptors,66,23,43,0.348,3193,5986,2268,5154,44,365,1075,34,1085,1410,77,697,2074,2771,1382,1001,429,321,322,1532,1214,-218,2011-12
23,Golden State Warriors,66,23,43,0.348,3183,6453,2489,5443,45.7,524,1351,38.8,951,1235,77,640,1947,2587,1470,915,528,362,328,1410,1095,-225,2011-12
24,New Orleans Hornets,66,21,45,0.318,3188,5916,2300,5103,45.1,259,777,33.3,1057,1397,75.7,724,1991,2715,1368,1024,488,316,380,1324,1235,-248,2011-12
25,Detroit Pistons,66,25,41,0.379,3193,5997,2291,5232,43.8,317,916,34.6,1098,1461,75.2,775,1882,2657,1232,1033,460,278,348,1293,1283,-316,2011-12
26,Washington Wizards,66,20,46,0.303,3173,6180,2414,5475,44.1,344,1075,32,1008,1386,72.7,775,1975,2750,1262,1008,527,417,300,1405,1231,-317,2011-12
27,Sacramento Kings,66,22,44,0.333,3183,6518,2490,5712,43.6,411,1301,31.6,1127,1532,73.6,882,1947,2829,1271,952,561,323,423,1287,1313,-375,2011-12
28,New Jersey Nets,66,22,44,0.333,3178,6144,2262,5320,42.5,507,1481,34.2,1113,1433,77.7,783,1879,2662,1311,995,493,260,330,1268,1274,-395,2011-12
29,Cleveland Cavaliers,66,21,45,0.318,3193,6140,2261,5360,42.2,440,1273,34.6,1178,1645,71.6,841,1949,2790,1308,1017,466,262,409,1317,1381,-475,2011-12
30,Charlotte Bobcats,66,7,59,0.106,3178,5739,2193,5293,41.4,263,892,29.5,1090,1462,74.6,677,1894,2571,1326,957,397,361,378,1249,1341,-918,2011-12
1,Miami Heat,82,58,24,0.707,3956,8369,3031,6301,48.1,547,1479,37,1760,2288,76.9,790,2666,3456,1639,1142,544,430,246,1674,1788,612,2010-11
2,Chicago Bulls,82,62,20,0.756,3966,8087,3042,6587,46.2,511,1415,36.1,1492,2008,74.3,967,2654,3621,1827,1161,592,468,477,1639,1645,600,2010-11
3,Los Angeles Lakers,82,57,25,0.695,3966,8321,3128,6757,46.3,524,1487,35.2,1541,1979,77.9,989,2616,3605,1801,1073,602,422,372,1555,1700,501,2010-11
4,San Antonio Spurs,82,61,21,0.744,3956,8502,3148,6628,47.5,685,1727,39.7,1521,1984,76.7,829,2603,3432,1836,1101,602,372,374,1556,1701,468,2010-11
5,Orlando Magic,82,52,30,0.634,3966,8135,2956,6411,46.1,770,2103,36.6,1453,2101,69.2,864,2679,3543,1636,1224,548,384,310,1640,1791,448,2010-11
6,Boston Celtics,82,56,26,0.683,3956,7913,3023,6219,48.6,408,1119,36.5,1459,1895,77,639,2542,3181,1921,1195,676,344,364,1678,1659,440,2010-11
7,Denver Nuggets,82,50,32,0.61,3941,8811,3145,6613,47.6,662,1704,38.8,1859,2429,76.5,791,2652,3443,1813,1157,605,352,488,1719,1864,390,2010-11
8,Dallas Mavericks,82,57,25,0.695,3941,8220,3069,6463,47.5,645,1768,36.5,1437,1850,77.7,780,2618,3398,1954,1145,557,352,303,1575,1650,347,2010-11
9,Oklahoma City Thunder,82,55,27,0.671,4001,8596,3066,6609,46.4,487,1403,34.7,1977,2401,82.3,903,2604,3507,1672,1156,654,487,356,1836,1767,311,2010-11
10,Memphis Grizzlies,82,46,36,0.561,3976,8195,3200,6801,47.1,309,926,33.4,1486,1981,75,970,2391,3361,1691,1145,771,441,505,1705,1754,192,2010-11
11,Houston Rockets,82,43,39,0.524,3976,8685,3170,6975,45.4,677,1843,36.7,1668,2083,80.1,962,2549,3511,1955,1110,581,371,449,1641,1754,179,2010-11
12,Portland Trail Blazers,82,48,34,0.585,3961,7896,2951,6599,44.7,518,1503,34.5,1476,1835,80.4,996,2230,3226,1736,1070,660,358,339,1585,1743,125,2010-11
13,Philadelphia 76ers,82,41,41,0.5,3986,8119,3125,6776,46.1,443,1248,35.5,1426,1851,77,850,2578,3428,1861,1063,621,355,376,1592,1544,123,2010-11
14,New Orleans Hornets,82,46,36,0.561,3966,7784,2944,6416,45.9,444,1232,36,1452,1897,76.5,824,2468,3292,1691,1069,624,359,396,1719,1674,73,2010-11
15,New York Knicks,82,42,40,0.512,3956,8734,3140,6867,45.7,765,2081,36.8,1689,2087,80.9,847,2470,3317,1757,1123,625,475,360,1743,1703,64,2010-11
16,Atlanta Hawks,82,44,38,0.537,3946,7790,2971,6429,46.2,502,1427,35.2,1346,1728,77.9,762,2460,3222,1802,1118,497,341,348,1554,1517,-67,2010-11
17,Milwaukee Bucks,82,35,47,0.427,3966,7534,2814,6544,43,483,1414,34.2,1423,1881,75.7,862,2480,3342,1545,1103,617,399,392,1682,1694,-69,2010-11
18,Phoenix Suns,82,40,42,0.488,4001,8611,3219,6844,47,701,1857,37.7,1472,1939,75.9,821,2478,3299,1945,1169,545,357,356,1666,1740,-73,2010-11
19,Indiana Pacers,82,37,45,0.451,3956,8183,3003,6787,44.2,585,1653,35.4,1592,2035,78.2,914,2657,3571,1611,1262,584,456,467,1782,1758,-88,2010-11
20,Utah Jazz,82,39,43,0.476,3976,8153,3064,6590,46.5,435,1256,34.6,1590,2061,77.1,898,2338,3236,1921,1175,629,484,411,1865,1802,-150,2010-11
21,Golden State Warriors,82,36,46,0.439,3966,8477,3251,7047,46.1,685,1749,39.2,1290,1695,76.1,955,2370,3325,1847,1198,737,406,352,1806,1512,-191,2010-11
22,Los Angeles Clippers,82,32,50,0.39,3971,8089,3015,6594,45.7,513,1519,33.8,1546,2187,70.7,955,2501,3456,1813,1343,585,402,404,1733,1811,-257,2010-11
23,Detroit Pistons,82,30,52,0.366,3976,7951,3056,6647,46,472,1256,37.6,1367,1854,73.7,931,2236,3167,1730,1067,595,328,381,1629,1545,-295,2010-11
24,Charlotte Bobcats,82,34,48,0.415,3961,7650,2873,6365,45.1,393,1203,32.7,1511,1999,75.6,848,2444,3292,1728,1192,524,433,496,1637,1730,-328,2010-11
25,Sacramento Kings,82,24,58,0.293,3971,8151,3134,6979,44.9,428,1277,33.5,1455,1981,73.4,1071,2526,3597,1675,1324,608,391,464,1805,1723,-438,2010-11
26,New Jersey Nets,82,24,58,0.293,4001,7722,2918,6638,44,459,1337,34.3,1427,1881,75.9,909,2440,3349,1723,1152,458,384,375,1807,1638,-512,2010-11
27,Toronto Raptors,82,22,60,0.268,3956,8124,3144,6755,46.5,345,1091,31.6,1491,1976,75.5,963,2343,3306,1795,1206,581,350,456,1807,1620,-515,2010-11
28,Minnesota Timberwolves,82,17,65,0.207,3956,8288,3090,7014,44.1,589,1565,37.6,1519,1977,76.8,1085,2556,3641,1650,1398,592,422,447,1825,1717,-544,2010-11
29,Washington Wizards,82,23,59,0.28,3986,7977,3048,6888,44.3,392,1182,33.2,1489,1999,74.5,1013,2374,3387,1592,1258,665,502,413,1850,1662,-607,2010-11
30,Cleveland Cavaliers,82,19,63,0.232,3951,7827,2886,6647,43.4,509,1489,34.2,1546,2075,74.5,856,2449,3305,1720,1166,544,341,489,1648,1747,-739,2010-11
1,Orlando Magic,82,59,23,0.72,3946,8426,3005,6394,47,841,2241,37.5,1575,2176,72.4,810,2736,3546,1615,1155,512,456,288,1629,1819,614,2009-10
2,Cleveland Cavaliers,82,61,21,0.744,3956,8373,3101,6391,48.5,602,1582,38.1,1569,2180,72,791,2692,3483,1835,1137,564,425,325,1591,1708,535,2009-10
3,Utah Jazz,82,53,29,0.646,3951,8547,3227,6575,49.1,439,1207,36.4,1654,2233,74.1,872,2588,3460,2187,1246,675,400,445,1859,1818,438,2009-10
4,San Antonio Spurs,82,50,32,0.61,3956,8312,3150,6659,47.3,554,1547,35.8,1458,1969,74,887,2621,3508,1829,1116,516,381,417,1669,1672,417,2009-10
5,Phoenix Suns,82,54,28,0.659,3946,9039,3339,6788,49.2,730,1770,41.2,1631,2117,77,910,2616,3526,1912,1210,479,418,365,1713,1789,402,2009-10
6,Los Angeles Lakers,82,57,25,0.695,3966,8339,3144,6875,45.7,532,1562,34.1,1519,1985,76.5,973,2662,3635,1730,1096,612,400,363,1592,1737,387,2009-10
7,Atlanta Hawks,82,53,29,0.646,3971,8338,3181,6801,46.8,524,1455,36,1452,1914,75.9,969,2451,3420,1789,980,592,413,359,1632,1582,382,2009-10
8,Denver Nuggets,82,53,29,0.646,3956,8729,3124,6678,46.8,544,1517,35.9,1937,2508,77.2,889,2505,3394,1719,1136,683,417,438,1844,1943,335,2009-10
9,Boston Celtics,82,50,32,0.61,3956,8136,3039,6294,48.3,499,1433,34.8,1559,2090,74.6,716,2449,3165,1930,1219,701,402,386,1816,1777,300,2009-10
10,Oklahoma City Thunder,82,50,32,0.61,3961,8322,3063,6629,46.2,418,1229,34,1778,2210,80.5,960,2607,3567,1639,1227,654,481,384,1743,1755,286,2009-10
11,Portland Trail Blazers,82,50,32,0.61,3971,8045,2974,6453,46.1,491,1388,35.4,1606,2033,79,913,2383,3296,1674,1012,523,350,333,1715,1767,271,2009-10
12,Dallas Mavericks,82,55,27,0.671,3976,8364,3140,6760,46.4,558,1498,37.2,1526,1870,81.6,834,2586,3420,1917,1059,624,449,337,1563,1652,223,2009-10
13,Miami Heat,82,47,35,0.573,3976,7914,2984,6518,45.8,494,1426,34.6,1452,1931,75.2,875,2553,3428,1548,1079,605,457,355,1710,1639,187,2009-10
14,Milwaukee Bucks,82,46,36,0.561,3996,8009,3050,6998,43.6,645,1813,35.6,1264,1675,75.5,965,2560,3525,1740,1085,580,385,421,1823,1664,139,2009-10
15,Charlotte Bobcats,82,44,38,0.537,3976,7813,2858,6306,45.3,460,1331,34.6,1637,2180,75.1,858,2490,3348,1658,1290,632,446,502,1597,1804,120,2009-10
16,Houston Rockets,82,42,40,0.512,3981,8395,3094,6923,44.7,646,1838,35.1,1561,2022,77.2,971,2471,3442,1790,1188,583,318,532,1712,1840,-30,2009-10
17,Memphis Grizzlies,82,40,42,0.488,3981,8404,3223,6875,46.9,344,1020,33.7,1614,2202,73.3,1070,2496,3566,1543,1248,645,399,501,1655,1840,-124,2009-10
18,Chicago Bulls,82,41,41,0.5,3981,7993,3081,6825,45.1,352,1066,33,1479,1962,75.4,937,2715,3652,1704,1175,531,478,438,1648,1643,-134,2009-10
19,Toronto Raptors,82,40,42,0.488,3956,8534,3199,6631,48.2,518,1397,37.1,1618,2118,76.4,806,2507,3313,1804,1100,469,384,360,1819,1730,-146,2009-10
20,New Orleans Hornets,82,37,45,0.451,3966,8220,3178,6842,46.4,571,1572,36.3,1293,1661,77.8,852,2450,3302,1828,1103,625,300,367,1606,1597,-202,2009-10
21,Indiana Pacers,82,32,50,0.39,3941,8263,3020,6823,44.3,659,1896,34.8,1564,2019,77.5,785,2618,3403,1730,1232,585,439,414,1848,1709,-247,2009-10
22,Golden State Warriors,82,26,56,0.317,3946,8922,3329,7094,46.9,633,1687,37.5,1631,2085,78.2,753,2397,3150,1839,1204,761,340,407,1886,1757,-295,2009-10
23,New York Knicks,82,29,53,0.354,3976,8373,3127,6876,45.5,743,2145,34.6,1376,1759,78.2,836,2477,3313,1772,1148,586,305,368,1638,1576,-313,2009-10
24,Philadelphia 76ers,82,27,55,0.329,3961,8014,3087,6706,46,474,1381,34.3,1366,1808,75.6,941,2421,3362,1723,1192,667,439,332,1677,1534,-320,2009-10
25,Sacramento Kings,82,25,57,0.305,3976,8200,3144,6895,45.6,482,1383,34.9,1430,1969,72.6,977,2518,3495,1679,1226,564,366,468,1827,1650,-358,2009-10
26,Washington Wizards,82,26,56,0.317,3966,7892,3008,6700,44.9,432,1225,35.3,1444,1895,76.2,966,2458,3424,1557,1219,493,421,415,1752,1684,-392,2009-10
27,Detroit Pistons,82,27,55,0.329,3956,7709,2940,6602,44.5,374,1190,31.4,1455,1998,72.8,1053,2242,3295,1591,1100,596,313,401,1822,1702,-419,2009-10
28,Los Angeles Clippers,82,29,53,0.354,3941,7849,3002,6601,45.5,483,1457,33.2,1362,1867,73,927,2502,3429,1810,1285,532,466,363,1581,1588,-521,2009-10
29,New Jersey Nets,82,12,70,0.146,3956,7575,2813,6554,42.9,377,1185,31.8,1572,2015,78,897,2358,3255,1540,1182,573,393,421,1643,1647,-748,2009-10
30,Minnesota Timberwolves,82,15,67,0.183,3956,8051,3106,6923,44.9,403,1181,34.1,1436,1926,74.6,962,2556,3518,1626,1333,597,306,442,1699,1686,-787,2009-10
1,Cleveland Cavaliers,82,66,16,0.805,3956,8223,3022,6454,46.8,656,1670,39.3,1523,2012,75.7,886,2574,3460,1663,1045,593,435,338,1663,1664,732,2008-09
2,Los Angeles Lakers,82,65,17,0.793,3956,8768,3307,6981,47.4,547,1516,36.1,1607,2087,77,1015,2587,3602,1908,1103,718,420,392,1698,1816,628,2008-09
3,Boston Celtics,82,62,20,0.756,3976,8275,3075,6333,48.6,538,1355,39.7,1587,2075,76.5,869,2586,3455,1862,1280,621,387,389,1897,1820,616,2008-09
4,Orlando Magic,82,59,23,0.72,3946,8286,2929,6416,45.7,817,2147,38.1,1611,2253,71.5,819,2728,3547,1593,1142,570,439,308,1664,1840,549,2008-09
5,Portland Trail Blazers,82,54,28,0.659,3966,8153,3018,6494,46.5,596,1555,38.3,1521,1988,76.5,1060,2360,3420,1667,1055,550,402,319,1671,1733,438,2008-09
6,Houston Rockets,82,53,29,0.646,3961,8070,2959,6526,45.3,621,1656,37.5,1531,1903,80.5,862,2662,3524,1662,1158,548,355,435,1553,1689,328,2008-09
7,San Antonio Spurs,82,54,28,0.659,3981,7958,3042,6534,46.6,625,1620,38.6,1249,1641,76.1,728,2638,3366,1736,963,474,329,352,1546,1511,308,2008-09
8,Denver Nuggets,82,54,28,0.659,3946,8555,3058,6510,47,548,1477,37.1,1891,2487,76,905,2507,3412,1820,1257,710,492,447,1874,1944,280,2008-09
9,Utah Jazz,82,48,34,0.585,3976,8492,3143,6623,47.5,392,1122,34.9,1814,2352,77.1,940,2423,3363,2024,1210,719,374,424,1830,1972,217,2008-09
10,Dallas Mavericks,82,50,32,0.61,3961,8343,3128,6770,46.2,571,1632,35,1516,1852,81.9,909,2595,3504,1779,1043,591,429,334,1600,1645,162,2008-09
11,Phoenix Suns,82,46,36,0.561,3951,8974,3373,6695,50.4,553,1445,38.3,1675,2251,74.4,900,2520,3420,1905,1288,589,420,369,1691,1877,158,2008-09
12,Atlanta Hawks,82,47,35,0.573,3941,8046,2956,6451,45.8,597,1633,36.6,1537,2085,73.7,870,2412,3282,1657,1048,603,376,354,1610,1681,129,2008-09
13,New Orleans Hornets,82,49,33,0.598,3951,7857,2911,6366,45.7,556,1526,36.4,1479,1833,80.7,802,2453,3255,1609,1029,593,338,290,1665,1675,127,2008-09
14,Miami Heat,82,43,39,0.524,3991,8061,3034,6646,45.7,582,1631,35.7,1411,1871,75.4,828,2411,3239,1671,1026,651,451,335,1696,1632,21,2008-09
15,Philadelphia 76ers,82,41,41,0.5,3951,7987,2997,6532,45.9,341,1072,31.8,1652,2216,74.5,1039,2336,3375,1647,1157,658,415,400,1650,1786,6,2008-09
16,Chicago Bulls,82,41,41,0.5,3986,8378,3126,6846,45.7,493,1293,38.1,1633,2052,79.6,970,2481,3451,1732,1192,615,453,449,1709,1708,-23,2008-09
17,Detroit Pistons,82,39,43,0.476,3981,7727,2981,6559,45.4,377,1079,34.9,1388,1849,75.1,949,2448,3397,1689,973,493,377,342,1712,1612,-40,2008-09
18,Milwaukee Bucks,82,34,48,0.415,3956,8142,3009,6755,44.5,511,1408,36.3,1613,2067,78,973,2367,3340,1802,1154,609,308,376,1986,1842,-89,2008-09
19,Indiana Pacers,82,36,46,0.439,3966,8617,3220,7080,45.5,652,1725,37.8,1525,1890,80.7,924,2661,3585,1775,1189,573,434,444,1895,1692,-91,2008-09
20,Charlotte Bobcats,82,35,47,0.427,3986,7677,2866,6299,45.5,490,1339,36.6,1455,1965,74,886,2366,3252,1741,1279,580,397,488,1754,1714,-104,2008-09
21,New Jersey Nets,82,34,48,0.415,3966,8044,2925,6536,44.8,652,1735,37.6,1542,1980,77.9,850,2415,3265,1636,1075,559,391,393,1838,1680,-200,2008-09
22,New York Knicks,82,32,50,0.39,3961,8627,3157,7091,44.5,823,2284,36,1490,1900,78.4,911,2545,3456,1738,1174,610,204,437,1672,1592,-214,2008-09
23,Toronto Raptors,82,33,49,0.402,3961,8121,3054,6673,45.8,479,1289,37.2,1534,1861,82.4,802,2513,3315,1835,1098,523,390,386,1593,1645,-231,2008-09
24,Golden State Warriors,82,29,53,0.354,3976,8905,3231,7055,45.8,550,1475,37.3,1893,2392,79.1,953,2492,3445,1711,1201,638,527,414,1842,1927,-307,2008-09
25,Minnesota Timberwolves,82,24,58,0.293,3961,8019,2986,6766,44.1,543,1539,35.3,1504,1957,76.9,975,2442,3417,1674,1165,512,322,484,1785,1642,-403,2008-09
26,Memphis Grizzlies,82,24,58,0.293,3961,7698,2865,6311,45.4,398,1106,36,1570,2077,75.6,847,2337,3184,1423,1252,615,385,443,1777,1786,-448,2008-09
27,Oklahoma City Thunder,82,23,59,0.28,3961,7952,2999,6716,44.7,328,949,34.6,1626,2069,78.6,999,2497,3496,1663,1330,608,371,407,1655,1656,-500,2008-09
28,Washington Wizards,82,19,63,0.232,3941,7877,2994,6655,45,395,1198,33,1494,1948,76.7,956,2330,3286,1641,1146,619,365,431,1679,1638,-612,2008-09
29,Sacramento Kings,82,17,65,0.207,3981,8248,2990,6685,44.7,586,1594,36.8,1682,2107,79.8,840,2366,3206,1619,1266,569,349,423,1910,1737,-718,2008-09
30,Los Angeles Clippers,82,19,63,0.232,3976,7799,2955,6696,44.1,535,1513,35.4,1354,1839,73.6,890,2377,3267,1723,1221,572,482,414,1650,1609,-719,2008-09
1,Boston Celtics,82,66,16,0.805,3951,8245,2986,6286,47.5,596,1564,38.1,1677,2176,77.1,830,2615,3445,1833,1246,696,379,389,1864,1818,841,2007-08
2,Detroit Pistons,82,59,23,0.72,3946,7992,2999,6551,45.8,487,1330,36.6,1507,1965,76.7,974,2423,3397,1831,956,583,472,319,1688,1618,606,2007-08
3,Los Angeles Lakers,82,57,25,0.695,3956,8904,3248,6818,47.6,662,1751,37.8,1746,2270,76.9,898,2722,3620,2003,1156,654,438,368,1691,1850,595,2007-08
4,Utah Jazz,82,54,28,0.659,3941,8710,3279,6592,49.7,407,1095,37.2,1745,2298,75.9,942,2410,3352,2165,1200,717,355,420,1970,1891,564,2007-08
5,Orlando Magic,82,52,30,0.634,3956,8567,3058,6446,47.4,801,2074,38.6,1650,2288,72.1,768,2677,3445,1706,1173,520,333,344,1688,1898,448,2007-08
6,New Orleans Hornets,82,56,26,0.683,3961,8270,3164,6796,46.6,630,1621,38.9,1312,1707,76.9,937,2494,3431,1785,974,637,321,331,1531,1573,433,2007-08
7,Phoenix Suns,82,55,27,0.671,3956,9026,3392,6782,50,694,1764,39.3,1548,1977,78.3,720,2683,3403,2188,1184,532,518,311,1633,1731,414,2007-08
8,San Antonio Spurs,82,56,26,0.683,3946,7820,2938,6424,45.7,594,1610,36.9,1350,1774,76.1,771,2612,3383,1718,1035,521,337,361,1537,1625,393,2007-08
9,Houston Rockets,82,55,27,0.671,3946,7931,3003,6698,44.8,583,1707,34.2,1342,1848,72.6,1002,2659,3661,1757,1125,598,420,379,1609,1615,384,2007-08
10,Dallas Mavericks,82,51,31,0.622,3946,8234,3025,6515,46.4,494,1403,35.2,1690,2075,81.4,883,2643,3526,1720,1037,490,402,357,1786,1739,372,2007-08
11,Denver Nuggets,82,50,32,0.61,3971,9074,3307,7038,47,569,1605,35.5,1891,2519,75.1,918,2698,3616,2024,1203,752,551,393,1731,1950,304,2007-08
12,Toronto Raptors,82,41,41,0.5,3966,8215,3148,6726,46.8,572,1459,39.2,1347,1658,81.2,790,2496,3286,1953,959,570,336,333,1596,1508,238,2007-08
13,Golden State Warriors,82,48,34,0.585,3956,9105,3403,7406,45.9,761,2185,34.8,1538,2044,75.2,1045,2496,3541,1833,1082,744,377,413,1875,1736,181,2007-08
14,Philadelphia 76ers,82,40,42,0.488,3951,7923,3056,6648,46,302,952,31.7,1509,2137,70.6,1067,2370,3437,1673,1172,712,400,420,1620,1708,34,2007-08
15,Washington Wizards,82,43,39,0.524,3981,8104,2986,6695,44.6,575,1614,35.6,1557,1991,78.2,1007,2404,3411,1607,1082,632,391,360,1606,1656,-27,2007-08
16,Cleveland Cavaliers,82,45,37,0.549,3971,7903,2937,6697,43.9,552,1544,35.8,1477,2061,71.7,1092,2563,3655,1640,1145,579,427,388,1712,1666,-29,2007-08
17,Portland Trail Blazers,82,41,41,0.5,3981,7820,2935,6546,44.8,538,1426,37.7,1412,1841,76.7,901,2438,3339,1733,1056,455,360,301,1642,1656,-80,2007-08
18,Indiana Pacers,82,36,46,0.439,3951,8527,3102,6993,44.4,755,2021,37.4,1568,2042,76.8,904,2633,3537,1864,1236,623,412,416,1921,1782,-115,2007-08
19,Atlanta Hawks,82,37,45,0.451,3971,8054,2975,6552,45.4,384,1078,35.6,1720,2227,77.2,1008,2454,3462,1804,1223,600,448,421,1673,1793,-149,2007-08
20,Sacramento Kings,82,38,44,0.463,3966,8408,3043,6558,46.4,510,1367,37.3,1812,2272,79.8,829,2456,3285,1567,1317,651,334,452,1839,1892,-185,2007-08
21,Chicago Bulls,82,33,49,0.402,3961,7981,2987,6861,43.5,474,1305,36.3,1533,2029,75.6,1050,2478,3528,1811,1197,635,429,465,1784,1746,-253,2007-08
22,Charlotte Bobcats,82,32,50,0.39,3976,7959,2960,6554,45.2,529,1443,36.7,1510,2115,71.4,892,2440,3332,1748,1204,614,402,476,1777,1721,-359,2007-08
23,New Jersey Nets,82,34,48,0.415,3966,7857,2856,6450,44.3,498,1430,34.8,1647,2237,73.6,913,2520,3433,1925,1229,521,390,362,1855,1836,-415,2007-08
24,Memphis Grizzlies,82,22,60,0.268,3961,8257,3060,6737,45.4,620,1779,34.9,1517,2097,72.3,848,2567,3415,1574,1251,503,386,403,1592,1842,-509,2007-08
25,New York Knicks,82,23,59,0.28,3976,7948,2967,6757,43.9,490,1454,33.7,1524,2095,72.7,1029,2457,3486,1530,1187,521,213,429,1761,1665,-542,2007-08
26,Minnesota Timberwolves,82,22,60,0.268,3946,7839,3076,6817,45.1,441,1259,35,1246,1693,73.6,964,2428,3392,1630,1188,616,306,467,1885,1434,-556,2007-08
27,Milwaukee Bucks,82,26,56,0.317,3971,7956,3026,6745,44.9,452,1313,34.4,1452,1980,73.3,1055,2363,3418,1760,1210,544,361,404,1748,1727,-565,2007-08
28,Los Angeles Clippers,82,23,59,0.28,3961,7692,2820,6445,43.8,350,1079,32.4,1702,2178,78.1,800,2491,3291,1732,1180,557,398,388,1745,1773,-596,2007-08
29,Miami Heat,82,15,67,0.183,3966,7491,2808,6336,44.3,491,1373,35.8,1384,1903,72.7,743,2342,3085,1644,1202,589,355,341,1670,1650,-709,2007-08
30,Seattle SuperSonics,82,20,62,0.244,3966,7999,3125,7032,44.4,313,939,33.3,1436,1866,77,971,2688,3659,1748,1310,531,400,440,1680,1610,-718,2007-08
1,San Antonio Spurs,82,58,24,0.707,3956,8079,2999,6328,47.4,595,1561,38.1,1486,1980,75.1,761,2577,3338,1814,1137,587,417,337,1588,1739,691,2006-07
2,Phoenix Suns,82,61,21,0.744,3981,9037,3388,6855,49.4,785,1965,39.9,1476,1827,80.8,737,2583,3320,2122,1189,553,394,304,1659,1759,599,2006-07
3,Dallas Mavericks,82,67,15,0.817,3951,8201,3010,6442,46.7,535,1404,38.1,1646,2045,80.5,920,2515,3435,1632,1140,560,408,312,1837,1811,592,2006-07
4,Chicago Bulls,82,49,33,0.598,3956,8100,3046,6663,45.7,480,1237,38.8,1528,2083,73.4,984,2597,3581,1832,1310,639,445,433,1908,1900,411,2006-07
5,Houston Rockets,82,52,30,0.634,3971,7953,2906,6528,44.5,705,1893,37.2,1436,1906,75.3,880,2673,3553,1704,1162,583,337,353,1710,1631,398,2006-07
6,Detroit Pistons,82,53,29,0.646,3976,7872,2942,6484,45.4,449,1305,34.4,1539,1988,77.4,948,2374,3322,1768,1001,583,472,290,1672,1668,341,2006-07
7,Cleveland Cavaliers,82,50,32,0.61,3976,7934,2978,6658,44.7,494,1404,35.2,1484,2133,69.6,1039,2529,3568,1708,1177,625,353,349,1781,1804,314,2006-07
8,Utah Jazz,82,51,31,0.622,3961,8322,3069,6471,47.4,354,1056,33.5,1830,2462,74.3,1030,2456,3486,2024,1277,577,339,438,2067,2010,235,2006-07
9,Denver Nuggets,82,45,37,0.549,3956,8639,3164,6805,46.5,484,1440,33.6,1827,2449,74.6,1001,2558,3559,1920,1352,678,435,424,1756,1946,133,2006-07
10,Toronto Raptors,82,47,35,0.573,3951,8157,3032,6547,46.3,531,1464,36.3,1562,1983,78.8,755,2480,3235,1822,1104,581,321,317,1672,1786,81,2006-07
11,Orlando Magic,82,40,42,0.488,3956,7771,2875,6090,47.2,342,962,35.6,1679,2393,70.2,920,2418,3338,1525,1392,565,416,376,1904,1921,64,2006-07
12,Los Angeles Lakers,82,42,40,0.512,4006,8474,3103,6664,46.6,608,1724,35.3,1660,2221,74.7,886,2495,3381,1850,1273,600,421,409,1889,1916,-6,2006-07
13,Golden State Warriors,82,42,40,0.512,3951,8737,3261,7048,46.3,700,1966,35.6,1515,2113,71.7,941,2455,3396,1950,1309,750,466,399,1933,1832,-28,2006-07
14,Los Angeles Clippers,82,40,42,0.488,3946,7843,2880,6318,45.6,314,903,34.8,1769,2245,78.8,888,2484,3372,1762,1239,596,472,321,1858,1829,-38,2006-07
15,Washington Wizards,82,41,41,0.5,3966,8556,3070,6820,45,561,1614,34.8,1855,2425,76.5,998,2379,3377,1660,1133,635,375,380,1823,1927,-42,2006-07
16,New Jersey Nets,82,41,41,0.5,3976,8001,2913,6379,45.7,609,1676,36.3,1566,2153,72.7,822,2525,3347,1962,1212,499,273,369,1869,1886,-63,2006-07
17,Miami Heat,82,44,38,0.537,3971,7759,2919,6288,46.4,528,1539,34.3,1393,2019,69,817,2526,3343,1681,1201,566,442,314,1749,1790,-75,2006-07
18,New Orleans/Oklahoma City Hornets,82,39,43,0.476,3976,7833,2971,6674,44.5,455,1256,36.2,1436,1941,74,1025,2512,3537,1537,1187,522,347,392,1620,1733,-129,2006-07
19,Sacramento Kings,82,33,49,0.402,3961,8303,2941,6532,45,530,1513,35,1891,2473,76.5,797,2396,3193,1665,1194,671,265,405,1792,1990,-148,2006-07
20,Indiana Pacers,82,35,47,0.427,3956,7840,2872,6561,43.8,481,1389,34.6,1615,2125,76,990,2441,3431,1680,1335,599,447,410,1912,1942,-200,2006-07
21,New York Knicks,82,33,49,0.402,4001,7994,2903,6356,45.7,474,1370,34.6,1714,2396,71.5,1032,2516,3548,1532,1405,543,260,406,1932,1875,-234,2006-07
22,Seattle SuperSonics,82,31,51,0.378,3966,8130,3047,6628,46,525,1451,36.2,1511,1911,79.1,928,2322,3250,1695,1268,631,301,341,1801,1635,-237,2006-07
23,Philadelphia 76ers,82,35,47,0.427,3976,7785,2932,6408,45.8,284,823,34.5,1637,2135,76.7,899,2353,3252,1669,1258,590,390,320,1671,1801,-248,2006-07
24,Boston Celtics,82,24,58,0.293,3971,7857,2858,6454,44.3,471,1283,36.7,1670,2178,76.7,918,2391,3309,1630,1350,589,382,449,1971,1757,-280,2006-07
25,Minnesota Timberwolves,82,32,50,0.39,4001,7877,2997,6502,46.1,384,1089,35.3,1499,1892,79.2,819,2473,3292,1848,1278,532,325,360,1758,1679,-301,2006-07
26,Charlotte Bobcats,82,33,49,0.402,4001,7945,2960,6643,44.6,457,1280,35.7,1568,2136,73.4,920,2346,3266,1836,1224,638,369,437,1985,1786,-307,2006-07
27,Portland Trail Blazers,82,32,50,0.39,3991,7717,2874,6392,45,426,1232,34.6,1543,2006,76.9,923,2299,3222,1513,1236,555,380,380,1931,1750,-352,2006-07
28,Milwaukee Bucks,82,28,54,0.341,3971,8172,3121,6714,46.5,524,1472,35.6,1406,1919,73.3,941,2272,3213,1771,1240,587,224,433,1821,1718,-359,2006-07
29,Atlanta Hawks,82,30,52,0.366,3976,7680,2831,6372,44.4,341,1038,32.9,1677,2203,76.1,976,2312,3288,1573,1306,609,446,421,1970,1853,-390,2006-07
30,Memphis Grizzlies,82,22,60,0.268,3996,8331,2998,6448,46.5,500,1362,36.7,1835,2410,76.1,866,2375,3241,1680,1343,564,407,450,1827,1992,-422,2006-07